x,y,z,s
-1.98,0.0,0.0,0.0
-1.88,0.0,0.0,0.1
-1.78,0.0,0.0,0.2
-1.68,0.0,0.0,0.3
-1.58,0.0,0.0,0.4
-1.48,0.0,0.0,0.5
-1.38,0.0,0.0,0.6
-1.28,0.0,0.0,0.7
-1.18,0.0,0.0,0.8
-1.08,0.0,0.0,0.9
-0.98,0.0,0.0,1.0
-0.88,0.0,0.0,1.1
-0.78,0.0,0.0,1.2
-0.68,0.0,0.0,1.3
-0.58,0.0,0.0,1.4
-0.48,0.0,0.0,1.5
-0.38,0.0,0.0,1.6
-0.28,0.0,0.0,1.7
-0.18,0.0,0.0,1.8
-0.08,0.0,0.0,1.9
0.02,0.0,0.0,2.0
0.12,0.0,0.0,2.1
0.22,0.0,0.0,2.2
0.32,0.0,0.0,2.3
0.42,0.0,0.0,2.4
0.52,0.0,0.0,2.5
0.62,0.0,0.0,2.6
0.72,0.0,0.0,2.7
0.82,0.0,0.0,2.8
0.92,0.0,0.0,2.9
1.02,0.0,0.0,3.0
1.12,0.0,0.0,3.1
1.22,0.0,0.0,3.2
1.32,0.0,0.0,3.3
1.42,0.0,0.0,3.4
1.52,0.0,0.0,3.5
1.62,0.0,0.0,3.6
1.72,0.0,0.0,3.7
1.82,0.0,0.0,3.8
1.92,0.0,0.0,3.9
2.02,0.0,0.0,4.0
2.12,0.0,0.0,4.1
2.22,0.0,0.0,4.2
2.32,0.0,0.0,4.3
2.42,0.0,0.0,4.4
2.52,0.0,0.0,4.5
2.62,0.0,0.0,4.6
2.72,0.0,0.0,4.7
2.82,0.0,0.0,4.8
2.92,0.0,0.0,4.9
3.02,0.0,0.0,5.0
3.12,0.0,0.0,5.1
3.22,0.0,0.0,5.2
3.32,0.0,0.0,5.3
3.42,0.0,0.0,5.4
3.52,0.0,0.0,5.5
3.62,0.0,0.0,5.6
3.72,0.0,0.0,5.7
3.82,0.0,0.0,5.8
3.92,0.0,0.0,5.9
4.02,0.0,0.0,6.0
4.12,0.0,0.0,6.1
4.22,0.0,0.0,6.2
4.32,0.0,0.0,6.3
4.42,0.0,0.0,6.4
4.52,0.0,0.0,6.5
4.62,0.0,0.0,6.6
4.72,0.0,0.0,6.7
4.82,0.0,0.0,6.8
4.92,0.0,0.0,6.9
5.02,0.0,0.0,7.0
5.12,0.0,0.0,7.1
5.22,0.0,0.0,7.2
5.32,0.0,0.0,7.3
5.42,0.0,0.0,7.4
5.52,0.0,0.0,7.5
5.62,0.0,0.0,7.6
5.72,0.0,0.0,7.7
5.82,0.0,0.0,7.8
5.92,0.0,0.0,7.9
6.02,0.0,0.0,8.0
6.12,0.0,0.0,8.1
6.22,0.0,0.0,8.2
6.32,0.0,0.0,8.3
6.42,0.0,0.0,8.4
6.52,0.0,0.0,8.5
6.62,0.0,0.0,8.6
6.72,0.0,0.0,8.7
6.82,0.0,0.0,8.8
6.92,0.0,0.0,8.9
7.02,0.0,0.0,9.0
7.12,0.0,0.0,9.1
7.22,0.0,0.0,9.2
7.32,0.0,0.0,9.3
7.42,0.0,0.0,9.4
7.52,0.0,0.0,9.5
7.62,0.0,0.0,9.6
7.72,0.0,0.0,9.7
7.82,0.0,0.0,9.8
7.92,0.0,0.0,9.9
8.02,0.0,0.0,10.0
8.12,0.0,0.0,10.1
8.22,0.0,0.0,10.2
8.32,0.0,0.0,10.3
8.42,0.0,0.0,10.4
8.52,0.0,0.0,10.5
8.62,0.0,0.0,10.6
8.72,0.0,0.0,10.7
8.82,0.0,0.0,10.8
8.92,0.0,0.0,10.9
9.02,0.0,0.0,11.0
9.12,0.0,0.0,11.1
9.22,0.0,0.0,11.2
9.32,0.0,0.0,11.3
9.42,0.0,0.0,11.4
9.52,0.0,0.0,11.5
9.62,0.0,0.0,11.6
9.72,0.0,0.0,11.7
9.82,0.0,0.0,11.8
9.92,0.0,0.0,11.9
10.02,0.0,0.0,12.0
10.12,0.0,0.0,12.1
10.22,0.0,0.0,12.2
10.32,0.0,0.0,12.3
10.42,0.0,0.0,12.4
10.52,0.0,0.0,12.5
10.62,0.0,0.0,12.6
10.72,0.0,0.0,12.7
10.82,0.0,0.0,12.8
10.92,0.0,0.0,12.9
11.02,0.0,0.0,13.0
11.12,0.0,0.0,13.1
11.22,0.0,0.0,13.2
11.32,0.0,0.0,13.3
11.42,0.0,0.0,13.4
11.52,0.0,0.0,13.5
11.62,0.0,0.0,13.6
11.72,0.0,0.0,13.7
11.82,0.0,0.0,13.8
11.92,0.0,0.0,13.9
12.02,0.0,0.0,14.0
12.12,0.0,0.0,14.1
12.22,0.0,0.0,14.2
12.32,0.0,0.0,14.3
12.42,0.0,0.0,14.4
12.52,0.0,0.0,14.5
12.62,0.0,0.0,14.6
12.72,0.0,0.0,14.7
12.82,0.0,0.0,14.8
12.92,0.0,0.0,14.9
13.02,0.0,0.0,15.0
13.12,0.0,0.0,15.1
13.22,0.0,0.0,15.2
13.32,0.0,0.0,15.3
13.42,0.0,0.0,15.4
13.52,0.0,0.0,15.5
13.62,0.0,0.0,15.6
13.72,0.0,0.0,15.7
13.82,0.0,0.0,15.8
13.92,0.0,0.0,15.9
14.02,0.0,0.0,16.0
14.12,0.0,0.0,16.1
14.22,0.0,0.0,16.2
14.32,0.0,0.0,16.3
14.42,0.0,0.0,16.4
14.52,0.0,0.0,16.5
14.62,0.0,0.0,16.6
14.72,0.0,0.0,16.7
14.82,0.0,0.0,16.8
14.92,0.0,0.0,16.9
15.02,0.0,0.0,17.0
15.12,0.0,0.0,17.1
15.22,0.0,0.0,17.2
15.32,0.0,0.0,17.3
15.42,0.0,0.0,17.4
15.52,0.0,0.0,17.5
15.62,0.0,0.0,17.6
15.72,0.0,0.0,17.7
15.82,0.0,0.0,17.8
15.92,0.0,0.0,17.9
16.02,0.0,0.0,18.0
16.12,0.0,0.0,18.1
16.22,0.0,0.0,18.2
16.32,0.0,0.0,18.3
16.42,0.0,0.0,18.4
16.52,0.0,0.0,18.5
16.62,0.0,0.0,18.6
16.72,0.0,0.0,18.7
16.82,0.0,0.0,18.8
16.92,0.0,0.0,18.9
17.02,0.0,0.0,19.0
17.12,0.0,0.0,19.1
17.22,0.0,0.0,19.2
17.32,0.0,0.0,19.3
17.42,0.0,0.0,19.4
17.52,0.0,0.0,19.5
17.62,0.0,0.0,19.6
17.72,0.0,0.0,19.7
17.82,0.0,0.0,19.8
17.92,0.0,0.0,19.9
18.02,0.0,0.0,20.0
18.12,0.0,0.0,20.1
18.22,0.0,0.0,20.2
18.32,0.0,0.0,20.3
18.42,0.0,0.0,20.4
18.52,0.0,0.0,20.5
18.62,0.0,0.0,20.6
18.72,0.0,0.0,20.7
18.82,0.0,0.0,20.8
18.92,0.0,0.0,20.9
19.02,0.0,0.0,21.0
19.12,0.0,0.0,21.1
19.22,0.0,0.0,21.2
19.32,0.0,0.0,21.3
19.42,0.0,0.0,21.4
19.52,0.0,0.0,21.5
19.62,0.0,0.0,21.6
19.72,0.0,0.0,21.7
19.82,0.0,0.0,21.8
19.92,0.0,0.0,21.9
20.02,0.0,0.0,22.0
20.12,0.0,0.0,22.1
20.22,0.0,0.0,22.2
20.32,0.0,0.0,22.3
20.42,0.0,0.0,22.4
20.52,0.0,0.0,22.5
20.62,0.0,0.0,22.6
20.72,0.0,0.0,22.7
20.82,0.0,0.0,22.8
20.92,0.0,0.0,22.9
21.02,0.0,0.0,23.0
21.12,0.0,0.0,23.1
21.22,0.0,0.0,23.2
21.32,0.0,0.0,23.3
21.42,0.0,0.0,23.4
21.52,0.0,0.0,23.5
21.62,0.0,0.0,23.6
21.72,0.0,0.0,23.7
21.82,0.0,0.0,23.8
21.92,0.0,0.0,23.9
22.02,0.0,0.0,24.0
22.12,0.0,0.0,24.1
22.22,0.0,0.0,24.2
22.32,0.0,0.0,24.3
22.42,0.0,0.0,24.4
22.52,0.0,0.0,24.5
22.62,0.0,0.0,24.6
22.72,0.0,0.0,24.7
22.82,0.0,0.0,24.8
22.92,0.0,0.0,24.9
23.02,0.0,0.0,25.0
23.12,0.0,0.0,25.1
23.22,0.0,0.0,25.2
23.32,0.0,0.0,25.3
23.42,0.0,0.0,25.4
23.52,0.0,0.0,25.5
23.62,0.0,0.0,25.6
23.72,0.0,0.0,25.7
23.82,0.0,0.0,25.8
23.92,0.0,0.0,25.9
24.02,0.0,0.0,26.0
24.12,0.0,0.0,26.1
24.22,0.0,0.0,26.2
24.32,0.0,0.0,26.3
24.42,0.0,0.0,26.4
24.52,0.0,0.0,26.5
24.62,0.0,0.0,26.6
24.72,0.0,0.0,26.7
24.82,0.0,0.0,26.8
24.92,0.0,0.0,26.9
25.02,0.0,0.0,27.0
25.12,0.0,0.0,27.1
25.22,0.0,0.0,27.2
25.32,0.0,0.0,27.3
25.42,0.0,0.0,27.4
25.52,0.0,0.0,27.5
25.62,0.0,0.0,27.6
25.72,0.0,0.0,27.7
25.82,0.0,0.0,27.8
25.92,0.0,0.0,27.9
26.02,0.0,0.0,28.0
26.12,0.0,0.0,28.1
26.22,0.0,0.0,28.2
26.32,0.0,0.0,28.3
26.42,0.0,0.0,28.4
26.52,0.0,0.0,28.5
26.62,0.0,0.0,28.6
26.72,0.0,0.0,28.7
26.82,0.0,0.0,28.8
26.92,0.0,0.0,28.9
27.02,0.0,0.0,29.0
27.12,0.0,0.0,29.1
27.22,0.0,0.0,29.2
27.32,0.0,0.0,29.3
27.42,0.0,0.0,29.4
27.52,0.0,0.0,29.5
27.62,0.0,0.0,29.6
27.72,0.0,0.0,29.7
27.82,0.0,0.0,29.8
27.92,0.0,0.0,29.9
28.02,0.0,0.0,30.0
28.12,0.0,0.0,30.1
28.22,0.0,0.0,30.2
28.32,0.0,0.0,30.3
28.42,0.0,0.0,30.4
28.52,0.0,0.0,30.5
28.62,0.0,0.0,30.6
28.72,0.0,0.0,30.7
28.82,0.0,0.0,30.8
28.92,0.0,0.0,30.9
29.02,0.0,0.0,31.0
29.12,0.0,0.0,31.1
29.22,0.0,0.0,31.2
29.32,0.0,0.0,31.3
29.42,0.0,0.0,31.4
29.52,0.0,0.0,31.5
29.62,0.0,0.0,31.6
29.72,0.0,0.0,31.7
29.82,0.0,0.0,31.8
29.92,0.0,0.0,31.9
30.02,0.0,0.0,32.0
30.12,0.0,0.0,32.1
30.22,0.0,0.0,32.2
30.32,0.0,0.0,32.3
30.42,0.0,0.0,32.4
30.52,0.0,0.0,32.5
30.62,0.0,0.0,32.6
30.72,0.0,0.0,32.7
30.82,0.0,0.0,32.8
30.92,0.0,0.0,32.9
31.02,0.0,0.0,33.0
31.12,0.0,0.0,33.1
31.22,0.0,0.0,33.2
31.32,0.0,0.0,33.3
31.42,0.0,0.0,33.4
31.52,0.0,0.0,33.5
31.62,0.0,0.0,33.6
31.72,0.0,0.0,33.7
31.82,0.0,0.0,33.8
31.92,0.0,0.0,33.9
32.02,0.0,0.0,34.0
32.12,0.0,0.0,34.1
32.22,0.0,0.0,34.2
32.32,0.0,0.0,34.3
32.42,0.0,0.0,34.4
32.52,0.0,0.0,34.5
32.62,0.0,0.0,34.6
32.72,0.0,0.0,34.7
32.82,0.0,0.0,34.8
32.92,0.0,0.0,34.9
33.02,0.0,0.0,35.0
33.12,0.0,0.0,35.1
33.22,0.0,0.0,35.2
33.32,0.0,0.0,35.3
33.42,0.0,0.0,35.4
33.52,0.0,0.0,35.5
33.62,0.0,0.0,35.6
33.72,0.0,0.0,35.7
33.82,0.0,0.0,35.8
33.92,0.0,0.0,35.9
34.02,0.0,0.0,36.0
34.12,0.0,0.0,36.1
34.22,0.0,0.0,36.2
34.32,0.0,0.0,36.3
34.42,0.0,0.0,36.4
34.52,0.0,0.0,36.5
34.62,0.0,0.0,36.6
34.72,0.0,0.0,36.7
34.82,0.0,0.0,36.8
34.92,0.0,0.0,36.9
35.02,0.0,0.0,37.0
35.12,0.0,0.0,37.1
35.22,0.0,0.0,37.2
35.32,0.0,0.0,37.3
35.42,0.0,0.0,37.4
35.52,0.0,0.0,37.5
35.62,0.0,0.0,37.6
35.72,0.0,0.0,37.7
35.82,0.0,0.0,37.8
35.92,0.0,0.0,37.9
36.02,0.0,0.0,38.0
36.12,0.0,0.0,38.1
36.22,0.0,0.0,38.2
36.32,0.0,0.0,38.3
36.42,0.0,0.0,38.4
36.52,0.0,0.0,38.5
36.62,0.0,0.0,38.6
36.72,0.0,0.0,38.7
36.82,0.0,0.0,38.8
36.92,0.0,0.0,38.9
37.02,0.0,0.0,39.0
37.12,0.0,0.0,39.1
37.22,0.0,0.0,39.2
37.32,0.0,0.0,39.3
37.42,0.0,0.0,39.4
37.52,0.0,0.0,39.5
37.62,0.0,0.0,39.6
37.72,0.0,0.0,39.7
37.82,0.0,0.0,39.8
37.92,0.0,0.0,39.9
38.02,0.0,0.0,40.0
38.12,0.0,0.0,40.1
38.22,0.0,0.0,40.2
38.32,0.0,0.0,40.3
38.42,0.0,0.0,40.4
38.52,0.0,0.0,40.5
38.62,0.0,0.0,40.6
38.72,0.0,0.0,40.7
38.82,0.0,0.0,40.8
38.92,0.0,0.0,40.9
39.02,0.0,0.0,41.0
39.12,0.0,0.0,41.1
39.22,0.0,0.0,41.2
39.32,0.0,0.0,41.3
39.42,0.0,0.0,41.4
39.52,0.0,0.0,41.5
39.62,0.0,0.0,41.6
39.72,0.0,0.0,41.7
39.82,0.0,0.0,41.8
39.92,0.0,0.0,41.9
40.02,0.0,0.0,42.0
40.12,0.0,0.0,42.1
40.22,0.0,0.0,42.2
40.32,0.0,0.0,42.3
40.42,0.0,0.0,42.4
40.52,0.0,0.0,42.5
40.62,0.0,0.0,42.6
40.72,0.0,0.0,42.7
40.82,0.0,0.0,42.8
40.92,0.0,0.0,42.9
41.02,0.0,0.0,43.0
41.12,0.0,0.0,43.1
41.22,0.0,0.0,43.2
41.32,0.0,0.0,43.3
41.42,0.0,0.0,43.4
41.52,0.0,0.0,43.5
41.62,0.0,0.0,43.6
41.72,0.0,0.0,43.7
41.82,0.0,0.0,43.8
41.92,0.0,0.0,43.9
42.02,0.0,0.0,44.0
42.12,0.0,0.0,44.1
42.22,0.0,0.0,44.2
42.32,0.0,0.0,44.3
42.42,0.0,0.0,44.4
42.52,0.0,0.0,44.5
42.62,0.0,0.0,44.6
42.72,0.0,0.0,44.7
42.82,0.0,0.0,44.8
42.92,0.0,0.0,44.9
43.02,0.0,0.0,45.0
43.12,0.0,0.0,45.1
43.22,0.0,0.0,45.2
43.32,0.0,0.0,45.3
43.42,0.0,0.0,45.4
43.52,0.0,0.0,45.5
43.62,0.0,0.0,45.6
43.72,0.0,0.0,45.7
43.82,0.0,0.0,45.8
43.92,0.0,0.0,45.9
44.02,0.0,0.0,46.0
44.12,0.0,0.0,46.1
44.22,0.0,0.0,46.2
44.32,0.0,0.0,46.3
44.42,0.0,0.0,46.4
44.52,0.0,0.0,46.5
44.62,0.0,0.0,46.6
44.72,0.0,0.0,46.7
44.82,0.0,0.0,46.8
44.92,0.0,0.0,46.9
45.02,0.0,0.0,47.0
45.12,0.0,0.0,47.1
45.22,0.0,0.0,47.2
45.32,0.0,0.0,47.3
45.42,0.0,0.0,47.4
45.52,0.0,0.0,47.5
45.62,0.0,0.0,47.6
45.72,0.0,0.0,47.7
45.82,0.0,0.0,47.8
45.92,0.0,0.0,47.9
46.02,0.0,0.0,48.0
46.12,0.0,0.0,48.1
46.22,0.0,0.0,48.2
46.32,0.0,0.0,48.3
46.42,0.0,0.0,48.4
46.52,0.0,0.0,48.5
46.62,0.0,0.0,48.6
46.72,0.0,0.0,48.7
46.82,0.0,0.0,48.8
46.92,0.0,0.0,48.9
47.02,0.0,0.0,49.0
47.12,0.0,0.0,49.1
47.22,0.0,0.0,49.2
47.32,0.0,0.0,49.3
47.42,0.0,0.0,49.4
47.52,0.0,0.0,49.5
47.62,0.0,0.0,49.6
47.72,0.0,0.0,49.7
47.82,0.0,0.0,49.8
47.92,0.0,0.0,49.9
48.02,0.0,0.0,50.0
48.12,0.0,0.0,50.1
48.22,0.0,0.0,50.2
48.32,0.0,0.0,50.3
48.42,0.0,0.0,50.4
48.52,0.0,0.0,50.5
48.62,0.0,0.0,50.6
48.72,0.0,0.0,50.7
48.82,0.0,0.0,50.8
48.92,0.0,0.0,50.9
49.02,0.0,0.0,51.0
49.12,0.0,0.0,51.1
49.22,0.0,0.0,51.2
49.32,0.0,0.0,51.3
49.42,0.0,0.0,51.4
49.52,0.0,0.0,51.5
49.62,0.0,0.0,51.6
49.72,0.0,0.0,51.7
49.82,0.0,0.0,51.8
49.92,0.0,0.0,51.9
50.02,0.0,0.0,52.0
50.12,0.0,0.0,52.1
50.22,0.0,0.0,52.2
50.32,0.0,0.0,52.3
50.42,0.0,0.0,52.4
50.52,0.0,0.0,52.5
50.62,0.0,0.0,52.6
50.72,0.0,0.0,52.7
50.82,0.0,0.0,52.8
50.92,0.0,0.0,52.9
51.02,0.0,0.0,53.0
51.12,0.0,0.0,53.1
51.22,0.0,0.0,53.2
51.32,0.0,0.0,53.3
51.42,0.0,0.0,53.4
51.52,0.0,0.0,53.5
51.62,0.0,0.0,53.6
51.72,0.0,0.0,53.7
51.82,0.0,0.0,53.8
51.92,0.0,0.0,53.9
52.02,0.0,0.0,54.0
52.12,0.0,0.0,54.1
52.22,0.0,0.0,54.2
52.32,0.0,0.0,54.3
52.42,0.0,0.0,54.4
52.52,0.0,0.0,54.5
52.62,0.0,0.0,54.6
52.72,0.0,0.0,54.7
52.82,0.0,0.0,54.8
52.92,0.0,0.0,54.9
53.02,0.0,0.0,55.0
53.12,0.0,0.0,55.1
53.22,0.0,0.0,55.2
53.32,0.0,0.0,55.3
53.42,0.0,0.0,55.4
53.52,0.0,0.0,55.5
53.62,0.0,0.0,55.6
53.72,0.0,0.0,55.7
53.82,0.0,0.0,55.8
53.92,0.0,0.0,55.9
54.02,0.0,0.0,56.0
54.12,0.0,0.0,56.1
54.22,0.0,0.0,56.2
54.32,0.0,0.0,56.3
54.42,0.0,0.0,56.4
54.52,0.0,0.0,56.5
54.62,0.0,0.0,56.6
54.72,0.0,0.0,56.7
54.82,0.0,0.0,56.8
54.92,0.0,0.0,56.9
55.02,0.0,0.0,57.0
55.12,0.0,0.0,57.1
55.22,0.0,0.0,57.2
55.32,0.0,0.0,57.3
55.42,0.0,0.0,57.4
55.52,0.0,0.0,57.5
55.62,0.0,0.0,57.6
55.72,0.0,0.0,57.7
55.82,0.0,0.0,57.8
55.92,0.0,0.0,57.9
56.02,0.0,0.0,58.0
56.12,0.0,0.0,58.1
56.22,0.0,0.0,58.2
56.32,0.0,0.0,58.3
56.42,0.0,0.0,58.4
56.52,0.0,0.0,58.5
56.62,0.0,0.0,58.6
56.72,0.0,0.0,58.7
56.82,0.0,0.0,58.8
56.92,0.0,0.0,58.9
57.02,0.0,0.0,59.0
57.12,0.0,0.0,59.1
57.22,0.0,0.0,59.2
57.32,0.0,0.0,59.3
57.42,0.0,0.0,59.4
57.52,0.0,0.0,59.5
57.62,0.0,0.0,59.6
57.72,0.0,0.0,59.7
57.82,0.0,0.0,59.8
57.92,0.0,0.0,59.9
58.02,0.0,0.0,60.0
58.12,0.0,0.0,60.1
58.22,0.0,0.0,60.2
58.32,0.0,0.0,60.3
58.42,0.0,0.0,60.4
58.52,0.0,0.0,60.5
58.62,0.0,0.0,60.6
58.72,0.0,0.0,60.7
58.82,0.0,0.0,60.8
58.92,0.0,0.0,60.9
59.02,0.0,0.0,61.0
59.12,0.0,0.0,61.1
59.22,0.0,0.0,61.2
59.32,0.0,0.0,61.3
59.42,0.0,0.0,61.4
59.52,0.0,0.0,61.5
59.62,0.0,0.0,61.6
59.72,0.0,0.0,61.7
59.82,0.0,0.0,61.8
59.92,0.0,0.0,61.9
60.02,0.0,0.0,62.0
60.12,0.0,0.0,62.1
60.22,0.0,0.0,62.2
60.32,0.0,0.0,62.3
60.42,0.0,0.0,62.4
60.52,0.0,0.0,62.5
60.62,0.0,0.0,62.6
60.72,0.0,0.0,62.7
60.82,0.0,0.0,62.8
60.92,0.0,0.0,62.9
61.02,0.0,0.0,63.0
61.12,0.0,0.0,63.1
61.22,0.0,0.0,63.2
61.32,0.0,0.0,63.3
61.42,0.0,0.0,63.4
61.52,0.0,0.0,63.5
61.62,0.0,0.0,63.6
61.72,0.0,0.0,63.7
61.82,0.0,0.0,63.8
61.92,0.0,0.0,63.9
62.02,0.0,0.0,64.0
62.12,0.0,0.0,64.1
62.22,0.0,0.0,64.2
62.32,0.0,0.0,64.3
62.42,0.0,0.0,64.4
62.52,0.0,0.0,64.5
62.62,0.0,0.0,64.6
62.72,0.0,0.0,64.7
62.82,0.0,0.0,64.8
62.92,0.0,0.0,64.9
63.02,0.0,0.0,65.0
63.12,0.0,0.0,65.1
63.22,0.0,0.0,65.2
63.32,0.0,0.0,65.3
63.42,0.0,0.0,65.4
63.52,0.0,0.0,65.5
63.62,0.0,0.0,65.6
63.72,0.0,0.0,65.7
63.82,0.0,0.0,65.8
63.92,0.0,0.0,65.9
64.02,0.0,0.0,66.0
64.12,0.0,0.0,66.1
64.22,0.0,0.0,66.2
64.32,0.0,0.0,66.3
64.42,0.0,0.0,66.4
64.52,0.0,0.0,66.5
64.62,0.0,0.0,66.6
64.72,0.0,0.0,66.7
64.82,0.0,0.0,66.8
64.92,0.0,0.0,66.9
65.02,0.0,0.0,67.0
65.12,0.0,0.0,67.1
65.22,0.0,0.0,67.2
65.32,0.0,0.0,67.3
65.42,0.0,0.0,67.4
65.52,0.0,0.0,67.5
65.62,0.0,0.0,67.6
65.72,0.0,0.0,67.7
65.82,0.0,0.0,67.8
65.92,0.0,0.0,67.9
66.02,0.0,0.0,68.0
66.12,0.0,0.0,68.1
66.22,0.0,0.0,68.2
66.32,0.0,0.0,68.3
66.42,0.0,0.0,68.4
66.52,0.0,0.0,68.5
66.62,0.0,0.0,68.6
66.72,0.0,0.0,68.7
66.82,0.0,0.0,68.8
66.92,0.0,0.0,68.9
67.02,0.0,0.0,69.0
67.12,0.0,0.0,69.1
67.22,0.0,0.0,69.2
67.32,0.0,0.0,69.3
67.42,0.0,0.0,69.4
67.52,0.0,0.0,69.5
67.62,0.0,0.0,69.6
67.72,0.0,0.0,69.7
67.82,0.0,0.0,69.8
67.92,0.0,0.0,69.9
68.02,0.0,0.0,70.0
68.12,0.0,0.0,70.1
68.22,0.0,0.0,70.2
68.32,0.0,0.0,70.3
68.42,0.0,0.0,70.4
68.52,0.0,0.0,70.5
68.62,0.0,0.0,70.6
68.72,0.0,0.0,70.7
68.82,0.0,0.0,70.8
68.92,0.0,0.0,70.9
69.02,0.0,0.0,71.0
69.12,0.0,0.0,71.1
69.22,0.0,0.0,71.2
69.32,0.0,0.0,71.3
69.42,0.0,0.0,71.4
69.52,0.0,0.0,71.5
69.62,0.0,0.0,71.6
69.72,0.0,0.0,71.7
69.82,0.0,0.0,71.8
69.92,0.0,0.0,71.9
70.02,0.0,0.0,72.0
70.12,0.0,0.0,72.1
70.22,0.0,0.0,72.2
70.32,0.0,0.0,72.3
70.42,0.0,0.0,72.4
70.52,0.0,0.0,72.5
70.62,0.0,0.0,72.6
70.72,0.0,0.0,72.7
70.82,0.0,0.0,72.8
70.92,0.0,0.0,72.9
71.02,0.0,0.0,73.0
71.12,0.0,0.0,73.1
71.22,0.0,0.0,73.2
71.32,0.0,0.0,73.3
71.42,0.0,0.0,73.4
71.52,0.0,0.0,73.5
71.62,0.0,0.0,73.6
71.72,0.0,0.0,73.7
71.82,0.0,0.0,73.8
71.92,0.0,0.0,73.9
72.02,0.0,0.0,74.0
72.12,0.0,0.0,74.1
72.22,0.0,0.0,74.2
72.32,0.0,0.0,74.3
72.42,0.0,0.0,74.4
72.52,0.0,0.0,74.5
72.62,0.0,0.0,74.6
72.72,0.0,0.0,74.7
72.82,0.0,0.0,74.8
72.92,0.0,0.0,74.9
73.02,0.0,0.0,75.0
73.12,0.0,0.0,75.1
73.22,0.0,0.0,75.2
73.32,0.0,0.0,75.3
73.42,0.0,0.0,75.4
73.52,0.0,0.0,75.5
73.62,0.0,0.0,75.6
73.72,0.0,0.0,75.7
73.82,0.0,0.0,75.8
73.92,0.0,0.0,75.9
74.02,0.0,0.0,76.0
74.12,0.0,0.0,76.1
74.22,0.0,0.0,76.2
74.32,0.0,0.0,76.3
74.42,0.0,0.0,76.4
74.52,0.0,0.0,76.5
74.62,0.0,0.0,76.6
74.72,0.0,0.0,76.7
74.82,0.0,0.0,76.8
74.92,0.0,0.0,76.9
75.02,0.0,0.0,77.0
75.12,0.0,0.0,77.1
75.22,0.0,0.0,77.2
75.32,0.0,0.0,77.3
75.42,0.0,0.0,77.4
75.52,0.0,0.0,77.5
75.62,0.0,0.0,77.6
75.72,0.0,0.0,77.7
75.82,0.0,0.0,77.8
75.92,0.0,0.0,77.9
76.02,0.0,0.0,78.0
76.12,0.0,0.0,78.1
76.22,0.0,0.0,78.2
76.32,0.0,0.0,78.3
76.42,0.0,0.0,78.4
76.52,0.0,0.0,78.5
76.62,0.0,0.0,78.6
76.72,0.0,0.0,78.7
76.82,0.0,0.0,78.8
76.92,0.0,0.0,78.9
77.02,0.0,0.0,79.0
77.12,0.0,0.0,79.1
77.22,0.0,0.0,79.2
77.32,0.0,0.0,79.3
77.42,0.0,0.0,79.4
77.52,0.0,0.0,79.5
77.62,0.0,0.0,79.6
77.72,0.0,0.0,79.7
77.82,0.0,0.0,79.8
77.92,0.0,0.0,79.9
78.02,0.0,0.0,80.0
78.12,0.0,0.0,80.1
78.22,0.0,0.0,80.2
78.32,0.0,0.0,80.3
78.42,0.0,0.0,80.4
78.52,0.0,0.0,80.5
78.62,0.0,0.0,80.6
78.72,0.0,0.0,80.7
78.82,0.0,0.0,80.8
78.92,0.0,0.0,80.9
79.02,0.0,0.0,81.0
79.12,0.0,0.0,81.1
79.22,0.0,0.0,81.2
79.32,0.0,0.0,81.3
79.42,0.0,0.0,81.4
79.52,0.0,0.0,81.5
79.62,0.0,0.0,81.6
79.72,0.0,0.0,81.7
79.82,0.0,0.0,81.8
79.92,0.0,0.0,81.9
80.02,0.0,0.0,82.0
80.12,0.0,0.0,82.1
80.22,0.0,0.0,82.2
80.32,0.0,0.0,82.3
80.42,0.0,0.0,82.4
80.52,0.0,0.0,82.5
80.62,0.0,0.0,82.6
80.72,0.0,0.0,82.7
80.82,0.0,0.0,82.8
80.92,0.0,0.0,82.9
81.02,0.0,0.0,83.0
81.12,0.0,0.0,83.1
81.22,0.0,0.0,83.2
81.32,0.0,0.0,83.3
81.42,0.0,0.0,83.4
81.52,0.0,0.0,83.5
81.62,0.0,0.0,83.6
81.72,0.0,0.0,83.7
81.82,0.0,0.0,83.8
81.92,0.0,0.0,83.9
82.02,0.0,0.0,84.0
82.12,0.0,0.0,84.1
82.22,0.0,0.0,84.2
82.32,0.0,0.0,84.3
82.42,0.0,0.0,84.4
82.52,0.0,0.0,84.5
82.62,0.0,0.0,84.6
82.72,0.0,0.0,84.7
82.82,0.0,0.0,84.8
82.92,0.0,0.0,84.9
83.02,0.0,0.0,85.0
83.12,0.0,0.0,85.1
83.22,0.0,0.0,85.2
83.32,0.0,0.0,85.3
83.42,0.0,0.0,85.4
83.52,0.0,0.0,85.5
83.62,0.0,0.0,85.6
83.72,0.0,0.0,85.7
83.82,0.0,0.0,85.8
83.92,0.0,0.0,85.9
84.02,0.0,0.0,86.0
84.12,0.0,0.0,86.1
84.22,0.0,0.0,86.2
84.32,0.0,0.0,86.3
84.42,0.0,0.0,86.4
84.52,0.0,0.0,86.5
84.62,0.0,0.0,86.6
84.72,0.0,0.0,86.7
84.82,0.0,0.0,86.8
84.92,0.0,0.0,86.9
85.02,0.0,0.0,87.0
85.12,0.0,0.0,87.1
85.22,0.0,0.0,87.2
85.32,0.0,0.0,87.3
85.42,0.0,0.0,87.4
85.52,0.0,0.0,87.5
85.62,0.0,0.0,87.6
85.72,0.0,0.0,87.7
85.82,0.0,0.0,87.8
85.92,0.0,0.0,87.9
86.02,0.0,0.0,88.0
86.12,0.0,0.0,88.1
86.22,0.0,0.0,88.2
86.32,0.0,0.0,88.3
86.42,0.0,0.0,88.4
86.52,0.0,0.0,88.5
86.62,0.0,0.0,88.6
86.72,0.0,0.0,88.7
86.82,0.0,0.0,88.8
86.92,0.0,0.0,88.9
87.02,0.0,0.0,89.0
87.12,0.0,0.0,89.1
87.22,0.0,0.0,89.2
87.32,0.0,0.0,89.3
87.42,0.0,0.0,89.4
87.52,0.0,0.0,89.5
87.62,0.0,0.0,89.6
87.72,0.0,0.0,89.7
87.82,0.0,0.0,89.8
87.92,0.0,0.0,89.9
88.02,0.0,0.0,90.0
88.12,0.0,0.0,90.1
88.22,0.0,0.0,90.2
88.32,0.0,0.0,90.3
88.42,0.0,0.0,90.4
88.52,0.0,0.0,90.5
88.62,0.0,0.0,90.6
88.72,0.0,0.0,90.7
88.82,0.0,0.0,90.8
88.92,0.0,0.0,90.9
89.02,0.0,0.0,91.0
89.12,0.0,0.0,91.1
89.22,0.0,0.0,91.2
89.32,0.0,0.0,91.3
89.42,0.0,0.0,91.4
89.52,0.0,0.0,91.5
89.62,0.0,0.0,91.6
89.72,0.0,0.0,91.7
89.82,0.0,0.0,91.8
89.92,0.0,0.0,91.9
90.02,0.0,0.0,92.0
90.12,0.0,0.0,92.1
90.22,0.0,0.0,92.2
90.32,0.0,0.0,92.3
90.42,0.0,0.0,92.4
90.52,0.0,0.0,92.5
90.62,0.0,0.0,92.6
90.72,0.0,0.0,92.7
90.82,0.0,0.0,92.8
90.92,0.0,0.0,92.9
91.02,0.0,0.0,93.0
91.12,0.0,0.0,93.1
91.22,0.0,0.0,93.2
91.32,0.0,0.0,93.3
91.42,0.0,0.0,93.4
91.52,0.0,0.0,93.5
91.62,0.0,0.0,93.6
91.72,0.0,0.0,93.7
91.82,0.0,0.0,93.8
91.92,0.0,0.0,93.9
92.02,0.0,0.0,94.0
92.12,0.0,0.0,94.1
92.22,0.0,0.0,94.2
92.32,0.0,0.0,94.3
92.42,0.0,0.0,94.4
92.52,0.0,0.0,94.5
92.62,0.0,0.0,94.6
92.72,0.0,0.0,94.7
92.82,0.0,0.0,94.8
92.92,0.0,0.0,94.9
93.02,0.0,0.0,95.0
93.12,0.0,0.0,95.1
93.22,0.0,0.0,95.2
93.32,0.0,0.0,95.3
93.42,0.0,0.0,95.4
93.52,0.0,0.0,95.5
93.62,0.0,0.0,95.6
93.72,0.0,0.0,95.7
93.82,0.0,0.0,95.8
93.92,0.0,0.0,95.9
94.02,0.0,0.0,96.0
94.12,0.0,0.0,96.1
94.22,0.0,0.0,96.2
94.32,0.0,0.0,96.3
94.42,0.0,0.0,96.4
94.52,0.0,0.0,96.5
94.62,0.0,0.0,96.6
94.72,0.0,0.0,96.7
94.82,0.0,0.0,96.8
94.92,0.0,0.0,96.9
95.02,0.0,0.0,97.0
95.12,0.0,0.0,97.1
95.22,0.0,0.0,97.2
95.32,0.0,0.0,97.3
95.42,0.0,0.0,97.4
95.52,0.0,0.0,97.5
95.62,0.0,0.0,97.6
95.72,0.0,0.0,97.7
95.82,0.0,0.0,97.8
95.92,0.0,0.0,97.9
96.02,0.0,0.0,98.0
96.12,0.0,0.0,98.1
96.22,0.0,0.0,98.2
96.32,0.0,0.0,98.3
96.42,0.0,0.0,98.4
96.52,0.0,0.0,98.5
96.62,0.0,0.0,98.6
96.72,0.0,0.0,98.7
96.82,0.0,0.0,98.8
96.92,0.0,0.0,98.9
97.02,0.0,0.0,99.0
97.12,0.0,0.0,99.1
97.22,0.0,0.0,99.2
97.32,0.0,0.0,99.3
97.42,0.0,0.0,99.4
97.52,0.0,0.0,99.5
97.62,0.0,0.0,99.6
97.72,0.0,0.0,99.7
97.82,0.0,0.0,99.8
97.92,0.0,0.0,99.9
98.02,0.0,0.0,100.0
98.12,0.0,0.0,100.1
98.22,0.0,0.0,100.2
98.32,0.0,0.0,100.3
98.42,0.0,0.0,100.4
98.52,0.0,0.0,100.5
98.62,0.0,0.0,100.6
98.72,0.0,0.0,100.7
98.82,0.0,0.0,100.8
98.92,0.0,0.0,100.9
99.02,0.0,0.0,101.0
99.12,0.0,0.0,101.1
99.22,0.0,0.0,101.2
99.32,0.0,0.0,101.3
99.42,0.0,0.0,101.4
99.52,0.0,0.0,101.5
99.62,0.0,0.0,101.6
99.72,0.0,0.0,101.7
99.82,0.0,0.0,101.8
99.92,0.0,0.0,101.9
100.02,0.0,0.0,102.0
100.12,0.0,0.0,102.1
100.22,0.0,0.0,102.2
100.32,0.0,0.0,102.3
100.42,0.0,0.0,102.4
100.52,0.0,0.0,102.5
100.62,0.0,0.0,102.6
100.72,0.0,0.0,102.7
100.82,0.0,0.0,102.8
100.92,0.0,0.0,102.9
101.02,0.0,0.0,103.0
101.12,0.0,0.0,103.1
101.22,0.0,0.0,103.2
101.32,0.0,0.0,103.3
101.42,0.0,0.0,103.4
101.52,0.0,0.0,103.5
101.62,0.0,0.0,103.6
101.72,0.0,0.0,103.7
101.82,0.0,0.0,103.8
101.92,0.0,0.0,103.9
102.02,0.0,0.0,104.0
102.12,0.0,0.0,104.1
102.22,0.0,0.0,104.2
102.32,0.0,0.0,104.3
102.42,0.0,0.0,104.4
102.52,0.0,0.0,104.5
102.62,0.0,0.0,104.6
102.72,0.0,0.0,104.7
102.82,0.0,0.0,104.8
102.92,0.0,0.0,104.9
103.02,0.0,0.0,105.0
103.12,0.0,0.0,105.1
103.22,0.0,0.0,105.2
103.32,0.0,0.0,105.3
103.42,0.0,0.0,105.4
103.52,0.0,0.0,105.5
103.62,0.0,0.0,105.6
103.72,0.0,0.0,105.7
103.82,0.0,0.0,105.8
103.92,0.0,0.0,105.9
104.02,0.0,0.0,106.0
104.12,0.0,0.0,106.1
104.22,0.0,0.0,106.2
104.32,0.0,0.0,106.3
104.42,0.0,0.0,106.4
104.52,0.0,0.0,106.5
104.62,0.0,0.0,106.6
104.72,0.0,0.0,106.7
104.82,0.0,0.0,106.8
104.92,0.0,0.0,106.9
105.02,0.0,0.0,107.0
105.12,0.0,0.0,107.1
105.22,0.0,0.0,107.2
105.32,0.0,0.0,107.3
105.42,0.0,0.0,107.4
105.52,0.0,0.0,107.5
105.62,0.0,0.0,107.6
105.72,0.0,0.0,107.7
105.82,0.0,0.0,107.8
105.92,0.0,0.0,107.9
106.02,0.0,0.0,108.0
106.12,0.0,0.0,108.1
106.22,0.0,0.0,108.2
106.32,0.0,0.0,108.3
106.42,0.0,0.0,108.4
106.52,0.0,0.0,108.5
106.62,0.0,0.0,108.6
106.72,0.0,0.0,108.7
106.82,0.0,0.0,108.8
106.92,0.0,0.0,108.9
107.02,0.0,0.0,109.0
107.12,0.0,0.0,109.1
107.22,0.0,0.0,109.2
107.32,0.0,0.0,109.3
107.42,0.0,0.0,109.4
107.52,0.0,0.0,109.5
107.62,0.0,0.0,109.6
107.72,0.0,0.0,109.7
107.82,0.0,0.0,109.8
107.92,0.0,0.0,109.9
108.02,0.0,0.0,110.0
108.12,0.0,0.0,110.1
108.22,0.0,0.0,110.2
108.32,0.0,0.0,110.3
108.42,0.0,0.0,110.4
108.52,0.0,0.0,110.5
108.62,0.0,0.0,110.6
108.72,0.0,0.0,110.7
108.82,0.0,0.0,110.8
108.92,0.0,0.0,110.9
109.02,0.0,0.0,111.0
109.12,0.0,0.0,111.1
109.22,0.0,0.0,111.2
109.32,0.0,0.0,111.3
109.42,0.0,0.0,111.4
109.52,0.0,0.0,111.5
109.62,0.0,0.0,111.6
109.72,0.0,0.0,111.7
109.82,0.0,0.0,111.8
109.92,0.0,0.0,111.9
110.02,0.0,0.0,112.0
110.12,0.0,0.0,112.1
110.22,0.0,0.0,112.2
110.32,0.0,0.0,112.3
110.42,0.0,0.0,112.4
110.52,0.0,0.0,112.5
110.62,0.0,0.0,112.6
110.72,0.0,0.0,112.7
110.82,0.0,0.0,112.8
110.92,0.0,0.0,112.9
111.02,0.0,0.0,113.0
111.12,0.0,0.0,113.1
111.22,0.0,0.0,113.2
111.32,0.0,0.0,113.3
111.42,0.0,0.0,113.4
111.52,0.0,0.0,113.5
111.62,0.0,0.0,113.6
111.72,0.0,0.0,113.7
111.82,0.0,0.0,113.8
111.92,0.0,0.0,113.9
112.02,0.0,0.0,114.0
112.12,0.0,0.0,114.1
112.22,0.0,0.0,114.2
112.32,0.0,0.0,114.3
112.42,0.0,0.0,114.4
112.52,0.0,0.0,114.5
112.62,0.0,0.0,114.6
112.72,0.0,0.0,114.7
112.82,0.0,0.0,114.8
112.92,0.0,0.0,114.9
113.02,0.0,0.0,115.0
113.12,0.0,0.0,115.1
113.22,0.0,0.0,115.2
113.32,0.0,0.0,115.3
113.42,0.0,0.0,115.4
113.52,0.0,0.0,115.5
113.62,0.0,0.0,115.6
113.72,0.0,0.0,115.7
113.82,0.0,0.0,115.8
113.92,0.0,0.0,115.9
114.02,0.0,0.0,116.0
114.12,0.0,0.0,116.1
114.22,0.0,0.0,116.2
114.32,0.0,0.0,116.3
114.42,0.0,0.0,116.4
114.52,0.0,0.0,116.5
114.62,0.0,0.0,116.6
114.72,0.0,0.0,116.7
114.82,0.0,0.0,116.8
114.92,0.0,0.0,116.9
115.02,0.0,0.0,117.0
115.12,0.0,0.0,117.1
115.22,0.0,0.0,117.2
115.32,0.0,0.0,117.3
115.42,0.0,0.0,117.4
115.52,0.0,0.0,117.5
115.62,0.0,0.0,117.6
115.72,0.0,0.0,117.7
115.82,0.0,0.0,117.8
115.92,0.0,0.0,117.9
116.02,0.0,0.0,118.0
116.12,0.0,0.0,118.1
116.22,0.0,0.0,118.2
116.32,0.0,0.0,118.3
116.42,0.0,0.0,118.4
116.52,0.0,0.0,118.5
116.62,0.0,0.0,118.6
116.72,0.0,0.0,118.7
116.82,0.0,0.0,118.8
116.92,0.0,0.0,118.9
117.02,0.0,0.0,119.0
117.12,0.0,0.0,119.1
117.22,0.0,0.0,119.2
117.32,0.0,0.0,119.3
117.42,0.0,0.0,119.4
117.52,0.0,0.0,119.5
117.62,0.0,0.0,119.6
117.72,0.0,0.0,119.7
117.82,0.0,0.0,119.8
117.92,0.0,0.0,119.9
118.02,0.0,0.0,120.0
118.12,0.0,0.0,120.1
118.22,0.0,0.0,120.2
118.32,0.0,0.0,120.3
118.42,0.0,0.0,120.4
118.52,0.0,0.0,120.5
118.62,0.0,0.0,120.6
118.72,0.0,0.0,120.7
118.82,0.0,0.0,120.8
118.92,0.0,0.0,120.9
119.02,0.0,0.0,121.0
119.12,0.0,0.0,121.1
119.22,0.0,0.0,121.2
119.32,0.0,0.0,121.3
119.42,0.0,0.0,121.4
119.52,0.0,0.0,121.5
119.62,0.0,0.0,121.6
119.72,0.0,0.0,121.7
119.82,0.0,0.0,121.8
119.92,0.0,0.0,121.9
120.02,0.0,0.0,122.0
120.12,0.0,0.0,122.1
120.22,0.0,0.0,122.2
120.32,0.0,0.0,122.3
120.42,0.0,0.0,122.4
120.52,0.0,0.0,122.5
120.62,0.0,0.0,122.6
120.72,0.0,0.0,122.7
120.82,0.0,0.0,122.8
120.92,0.0,0.0,122.9
121.02,0.0,0.0,123.0
121.12,0.0,0.0,123.1
121.22,0.0,0.0,123.2
121.32,0.0,0.0,123.3
121.42,0.0,0.0,123.4
121.52,0.0,0.0,123.5
121.62,0.0,0.0,123.6
121.72,0.0,0.0,123.7
121.82,0.0,0.0,123.8
121.92,0.0,0.0,123.9
122.02,0.0,0.0,124.0
122.12,0.0,0.0,124.1
122.22,0.0,0.0,124.2
122.32,0.0,0.0,124.3
122.42,0.0,0.0,124.4
122.52,0.0,0.0,124.5
122.62,0.0,0.0,124.6
122.72,0.0,0.0,124.7
122.82,0.0,0.0,124.8
122.92,0.0,0.0,124.9
123.02,0.0,0.0,125.0
123.12,0.0,0.0,125.1
123.22,0.0,0.0,125.2
123.32,0.0,0.0,125.3
123.42,0.0,0.0,125.4
123.52,0.0,0.0,125.5
123.62,0.0,0.0,125.6
123.72,0.0,0.0,125.7
123.82,0.0,0.0,125.8
123.92,0.0,0.0,125.9
124.02,0.0,0.0,126.0
124.12,0.0,0.0,126.1
124.22,0.0,0.0,126.2
124.32,0.0,0.0,126.3
124.42,0.0,0.0,126.4
124.52,0.0,0.0,126.5
124.62,0.0,0.0,126.6
124.72,0.0,0.0,126.7
124.82,0.0,0.0,126.8
124.92,0.0,0.0,126.9
125.02,0.0,0.0,127.0
125.12,0.0,0.0,127.1
125.22,0.0,0.0,127.2
125.32,0.0,0.0,127.3
125.42,0.0,0.0,127.4
125.52,0.0,0.0,127.5
125.62,0.0,0.0,127.6
125.72,0.0,0.0,127.7
125.82,0.0,0.0,127.8
125.92,0.0,0.0,127.9
126.02,0.0,0.0,128.0
126.12,0.0,0.0,128.1
126.22,0.0,0.0,128.2
126.32,0.0,0.0,128.3
126.42,0.0,0.0,128.4
126.52,0.0,0.0,128.5
126.62,0.0,0.0,128.6
126.72,0.0,0.0,128.7
126.82,0.0,0.0,128.8
126.92,0.0,0.0,128.9
127.02,0.0,0.0,129.0
127.12,0.0,0.0,129.1
127.22,0.0,0.0,129.2
127.32,0.0,0.0,129.3
127.42,0.0,0.0,129.4
127.52,0.0,0.0,129.5
127.62,0.0,0.0,129.6
127.72,0.0,0.0,129.7
127.82,0.0,0.0,129.8
127.92,0.0,0.0,129.9
128.02,0.0,0.0,130.0
128.12,0.0,0.0,130.1
128.22,0.0,0.0,130.2
128.32,0.0,0.0,130.3
128.42,0.0,0.0,130.4
128.52,0.0,0.0,130.5
128.62,0.0,0.0,130.6
128.72,0.0,0.0,130.7
128.82,0.0,0.0,130.8
128.92,0.0,0.0,130.9
129.02,0.0,0.0,131.0
129.12,0.0,0.0,131.1
129.22,0.0,0.0,131.2
129.32,0.0,0.0,131.3
129.42,0.0,0.0,131.4
129.52,0.0,0.0,131.5
129.62,0.0,0.0,131.6
129.72,0.0,0.0,131.7
129.82,0.0,0.0,131.8
129.92,0.0,0.0,131.9
130.02,0.0,0.0,132.0
130.12,0.0,0.0,132.1
130.22,0.0,0.0,132.2
130.32,0.0,0.0,132.3
130.42,0.0,0.0,132.4
130.52,0.0,0.0,132.5
130.62,0.0,0.0,132.6
130.72,0.0,0.0,132.7
130.82,0.0,0.0,132.8
130.92,0.0,0.0,132.9
131.02,0.0,0.0,133.0
131.12,0.0,0.0,133.1
131.22,0.0,0.0,133.2
131.32,0.0,0.0,133.3
131.42,0.0,0.0,133.4
131.52,0.0,0.0,133.5
131.62,0.0,0.0,133.6
131.72,0.0,0.0,133.7
131.82,0.0,0.0,133.8
131.92,0.0,0.0,133.9
132.02,0.0,0.0,134.0
132.12,0.0,0.0,134.1
132.22,0.0,0.0,134.2
132.32,0.0,0.0,134.3
132.42,0.0,0.0,134.4
132.52,0.0,0.0,134.5
132.62,0.0,0.0,134.6
132.72,0.0,0.0,134.7
132.82,0.0,0.0,134.8
132.92,0.0,0.0,134.9
133.02,0.0,0.0,135.0
133.12,0.0,0.0,135.1
133.22,0.0,0.0,135.2
133.32,0.0,0.0,135.3
133.42,0.0,0.0,135.4
133.52,0.0,0.0,135.5
133.62,0.0,0.0,135.6
133.72,0.0,0.0,135.7
133.82,0.0,0.0,135.8
133.92,0.0,0.0,135.9
134.02,0.0,0.0,136.0
134.12,0.0,0.0,136.1
134.22,0.0,0.0,136.2
134.32,0.0,0.0,136.3
134.42,0.0,0.0,136.4
134.52,0.0,0.0,136.5
134.62,0.0,0.0,136.6
134.72,0.0,0.0,136.7
134.82,0.0,0.0,136.8
134.92,0.0,0.0,136.9
135.02,0.0,0.0,137.0
135.12,0.0,0.0,137.1
135.22,0.0,0.0,137.2
135.32,0.0,0.0,137.3
135.42,0.0,0.0,137.4
135.52,0.0,0.0,137.5
135.62,0.0,0.0,137.6
135.72,0.0,0.0,137.7
135.82,0.0,0.0,137.8
135.92,0.0,0.0,137.9
136.02,0.0,0.0,138.0
136.12,0.0,0.0,138.1
136.22,0.0,0.0,138.2
136.32,0.0,0.0,138.3
136.42,0.0,0.0,138.4
136.52,0.0,0.0,138.5
136.62,0.0,0.0,138.6
136.72,0.0,0.0,138.7
136.82,0.0,0.0,138.8
136.92,0.0,0.0,138.9
137.02,0.0,0.0,139.0
137.12,0.0,0.0,139.1
137.22,0.0,0.0,139.2
137.32,0.0,0.0,139.3
137.42,0.0,0.0,139.4
137.52,0.0,0.0,139.5
137.62,0.0,0.0,139.6
137.72,0.0,0.0,139.7
137.82,0.0,0.0,139.8
137.92,0.0,0.0,139.9
138.02,0.0,0.0,140.0
138.12,0.0,0.0,140.1
138.22,0.0,0.0,140.2
138.32,0.0,0.0,140.3
138.42,0.0,0.0,140.4
138.52,0.0,0.0,140.5
138.62,0.0,0.0,140.6
138.72,0.0,0.0,140.7
138.82,0.0,0.0,140.8
138.92,0.0,0.0,140.9
139.02,0.0,0.0,141.0
139.12,0.0,0.0,141.1
139.22,0.0,0.0,141.2
139.32,0.0,0.0,141.3
139.42,0.0,0.0,141.4
139.52,0.0,0.0,141.5
139.62,0.0,0.0,141.6
139.72,0.0,0.0,141.7
139.82,0.0,0.0,141.8
139.92,0.0,0.0,141.9
140.02,0.0,0.0,142.0
140.12,0.0,0.0,142.1
140.22,0.0,0.0,142.2
140.32,0.0,0.0,142.3
140.42,0.0,0.0,142.4
140.52,0.0,0.0,142.5
140.62,0.0,0.0,142.6
140.72,0.0,0.0,142.7
140.82,0.0,0.0,142.8
140.92,0.0,0.0,142.9
141.02,0.0,0.0,143.0
141.12,0.0,0.0,143.1
141.22,0.0,0.0,143.2
141.32,0.0,0.0,143.3
141.42,0.0,0.0,143.4
141.52,0.0,0.0,143.5
141.62,0.0,0.0,143.6
141.72,0.0,0.0,143.7
141.82,0.0,0.0,143.8
141.92,0.0,0.0,143.9
142.02,0.0,0.0,144.0
142.12,0.0,0.0,144.1
142.22,0.0,0.0,144.2
142.32,0.0,0.0,144.3
142.42,0.0,0.0,144.4
142.52,0.0,0.0,144.5
142.62,0.0,0.0,144.6
142.72,0.0,0.0,144.7
142.82,0.0,0.0,144.8
142.92,0.0,0.0,144.9
143.02,0.0,0.0,145.0
143.12,0.0,0.0,145.1
143.22,0.0,0.0,145.2
143.32,0.0,0.0,145.3
143.42,0.0,0.0,145.4
143.52,0.0,0.0,145.5
143.62,0.0,0.0,145.6
143.72,0.0,0.0,145.7
143.82,0.0,0.0,145.8
143.92,0.0,0.0,145.9
144.02,0.0,0.0,146.0
144.12,0.0,0.0,146.1
144.22,0.0,0.0,146.2
144.32,0.0,0.0,146.3
144.42,0.0,0.0,146.4
144.52,0.0,0.0,146.5
144.62,0.0,0.0,146.6
144.72,0.0,0.0,146.7
144.82,0.0,0.0,146.8
144.92,0.0,0.0,146.9
145.02,0.0,0.0,147.0
145.12,0.0,0.0,147.1
145.22,0.0,0.0,147.2
145.32,0.0,0.0,147.3
145.42,0.0,0.0,147.4
145.52,0.0,0.0,147.5
145.62,0.0,0.0,147.6
145.72,0.0,0.0,147.7
145.82,0.0,0.0,147.8
145.92,0.0,0.0,147.9
146.02,0.0,0.0,148.0
146.12,0.0,0.0,148.1
146.22,0.0,0.0,148.2
146.32,0.0,0.0,148.3
146.42,0.0,0.0,148.4
146.52,0.0,0.0,148.5
146.62,0.0,0.0,148.6
146.72,0.0,0.0,148.7
146.82,0.0,0.0,148.8
146.92,0.0,0.0,148.9
147.02,0.0,0.0,149.0
147.12,0.0,0.0,149.1
147.22,0.0,0.0,149.2
147.32,0.0,0.0,149.3
147.42,0.0,0.0,149.4
147.52,0.0,0.0,149.5
147.62,0.0,0.0,149.6
147.72,0.0,0.0,149.7
147.82,0.0,0.0,149.8
147.92,0.0,0.0,149.9
148.02,0.0,0.0,150.0
148.12,0.0,0.0,150.1
148.22,0.0,0.0,150.2
148.32,0.0,0.0,150.3
148.42,0.0,0.0,150.4
148.52,0.0,0.0,150.5
148.62,0.0,0.0,150.6
148.72,0.0,0.0,150.7
148.82,0.0,0.0,150.8
148.92,0.0,0.0,150.9
149.02,0.0,0.0,151.0
149.12,0.0,0.0,151.1
149.22,0.0,0.0,151.2
149.32,0.0,0.0,151.3
149.42,0.0,0.0,151.4
149.52,0.0,0.0,151.5
149.62,0.0,0.0,151.6
149.72,0.0,0.0,151.7
149.82,0.0,0.0,151.8
149.92,0.0,0.0,151.9
